0.0,0.20849
0.01,0.20849
0.01767,0.20849
0.02533,0.20849
0.033,0.20849
0.04067,0.20849
0.04867,0.20849
0.05633,0.20849
0.06433,0.20849
0.07233,0.20849
0.08,0.20849
0.08767,0.20849
0.09733,0.20849
0.10733,0.20849
0.11733,0.20849
0.12633,0.20849
0.13667,0.20849
0.14767,0.20849
0.15867,0.20849
0.16933,0.20592
0.18033,0.20463
0.19167,0.20463
0.20233,0.20463
0.211,0.20206
0.21967,0.1982
0.22933,0.18919
0.23833,0.18147
0.247,0.17117
0.25867,0.16088
0.27033,0.14286
0.282,0.12484
0.29133,0.11197
0.301,0.09266
0.311,0.07207
0.32033,0.05792
0.33,0.0399
0.33867,0.02188
0.34833,0.00515
0.357,-0.01931
0.36633,-0.03475
0.37567,-0.05534
0.38633,-0.07593
0.39533,-0.0888
0.40467,-0.10039
0.41433,-0.12098
0.42433,-0.13514
0.43333,-0.14801
0.44333,-0.1583
0.45233,-0.16988
0.46233,-0.17632
0.47267,-0.18275
0.48133,-0.1879
0.49133,-0.19176
0.50067,-0.19305
0.511,-0.19305
0.52067,-0.19305
0.52933,-0.19305
0.539,-0.19048
0.54733,-0.18404
0.557,-0.17632
0.56633,-0.16602
0.57433,-0.1583
0.582,-0.15058
0.59,-0.139
0.59767,-0.12741
0.606,-0.11583
0.61433,-0.10425
0.62267,-0.0888
0.63067,-0.07336
0.63833,-0.06178
0.64633,-0.04633
0.654,-0.03089
0.662,-0.01158
0.66967,0.00386
0.67733,0.01931
0.68533,0.03475
0.69333,0.04633
0.702,0.06178
0.70967,0.07722
0.71733,0.09266
0.72533,0.10425
0.73333,0.11969
0.74167,0.13127
0.75033,0.139
0.759,0.15315
0.76767,0.16088
0.77633,0.1686
0.78467,0.17503
0.79333,0.18018
0.80233,0.1879
0.81067,0.18919
0.81933,0.19176
0.827,0.19305
0.83533,0.19305
0.84367,0.19305
0.852,0.19048
0.86033,0.18404
0.869,0.17761
0.877,0.16988
0.88533,0.16602
0.89333,0.15444
0.90233,0.14672
0.91067,0.13514
0.919,0.12355
0.927,0.11068
0.93533,0.09653
0.94367,0.08366
0.95167,0.06821
0.96033,0.05277
0.969,0.03861
0.97733,0.02574
0.98633,0.00515
0.99467,-0.0103
1.00333,-0.02574
1.012,-0.04118
1.02033,-0.06178
1.029,-0.07336
1.03733,-0.0888
1.04567,-0.10039
1.05367,-0.11197
1.06167,-0.12355
1.06967,-0.13127
1.078,-0.14286
1.086,-0.15058
1.094,-0.1583
1.102,-0.16602
1.11,-0.17375
1.11833,-0.17375
1.12633,-0.17761
1.13467,-0.18147
1.14267,-0.18147
1.15033,-0.18147
1.158,-0.18147
1.16567,-0.18147
1.17367,-0.17761
1.182,-0.17375
1.19,-0.16602
1.198,-0.16216
1.206,-0.15444
1.214,-0.14672
1.22233,-0.13514
1.231,-0.12227
1.23933,-0.10811
1.24833,-0.09653
1.25633,-0.08494
1.26467,-0.07336
1.27267,-0.06049
1.28133,-0.04505
1.28933,-0.0296
1.29733,-0.01416
1.305,0.00129
1.313,0.01673
1.321,0.03089
1.32867,0.04376
1.33667,0.05792
1.34467,0.07079
1.35267,0.08494
1.36067,0.09653
1.369,0.10811
1.377,0.11969
1.38533,0.13127
1.393,0.14157
1.40067,0.14929
1.40867,0.15701
1.41667,0.16345
1.425,0.16731
1.433,0.17117
1.44133,0.17503
1.44933,0.17761
1.457,0.17889
1.465,0.18147
1.47267,0.18147
1.48,0.18018
1.488,0.17632
1.496,0.17117
1.50367,0.16474
1.51167,0.15959
1.51967,0.15187
1.52767,0.14414
1.53567,0.13514
1.54367,0.12484
1.552,0.11583
1.56033,0.10425
1.56867,0.09266
1.57733,0.07979
1.58567,0.06178
1.59367,0.04762
1.602,0.03218
1.61,0.01673
1.61767,0.00129
1.62567,-0.01158
1.634,-0.02574
1.642,-0.03861
1.65,-0.05277
1.658,-0.06564
1.666,-0.07722
1.674,-0.09138
1.68233,-0.10425
1.69033,-0.11326
1.69933,-0.12355
1.70733,-0.13256
1.71567,-0.14028
1.72333,-0.14801
1.73167,-0.15573
1.74,-0.16088
1.74833,-0.16474
1.75633,-0.16602
1.765,-0.16988
1.773,-0.16988
1.78067,-0.16988
1.789,-0.16988
1.797,-0.16988
1.80533,-0.16602
1.81333,-0.1583
1.82133,-0.15444
1.82933,-0.14672
1.83733,-0.14286
1.84533,-0.13127
1.85433,-0.12355
1.86267,-0.11583
1.87067,-0.10425
1.87867,-0.09266
1.88667,-0.08108
1.89467,-0.06564
1.90233,-0.05405
1.91067,-0.03861
1.91933,-0.02188
1.92767,-0.00772
1.936,0.00515
1.944,0.02059
1.95233,0.03475
1.96067,0.04762
1.96867,0.06178
1.97733,0.07336
1.98567,0.08494
1.99367,0.10039
2.00167,0.11197
2.01033,0.12098
2.01833,0.13127
2.02633,0.14028
2.03433,0.14543
2.04233,0.15187
2.05067,0.15701
2.05933,0.16088
2.068,0.16474
2.07633,0.16602
2.08433,0.1686
2.092,0.16988
2.1,0.16988
2.10767,0.16731
2.11567,0.16345
2.12433,0.15959
2.133,0.15058
2.14133,0.14672
2.15,0.139
2.158,0.13127
2.166,0.12355
2.174,0.11583
2.182,0.10425
2.19,0.09266
2.19833,0.07722
2.207,0.06564
2.21533,0.05277
2.22367,0.03732
2.23167,0.02317
2.23933,0.0103
2.24767,-0.00386
2.256,-0.01673
2.26367,-0.03089
2.27167,-0.04247
2.27933,-0.05534
2.28733,-0.0695
2.295,-0.08108
2.303,-0.09138
2.311,-0.10039
2.319,-0.10811
2.327,-0.11969
2.33533,-0.12999
2.34367,-0.13642
2.35233,-0.14157
2.36033,-0.14801
2.36867,-0.15187
2.37667,-0.15573
2.385,-0.1583
2.39333,-0.1583
2.40167,-0.1583
2.41,-0.1583
2.41833,-0.1583
2.42633,-0.1583
2.43433,-0.15573
2.44233,-0.14672
2.45033,-0.14028
2.45833,-0.13385
2.46633,-0.12613
2.47433,-0.1184
2.48233,-0.10811
2.49033,-0.0991
2.49833,-0.0888
2.50633,-0.07722
2.51433,-0.06564
2.52233,-0.05405
2.53033,-0.0399
2.53833,-0.02703
2.54633,-0.01287
2.55433,0.0
2.56333,0.01416
2.57133,0.02703
2.57933,0.03861
2.58733,0.05019
2.595,0.06435
2.603,0.07722
2.61133,0.08623
2.62,0.09653
2.62833,0.11197
2.63733,0.11969
2.646,0.12741
2.65433,0.13514
2.66233,0.139
2.671,0.14801
2.67933,0.15187
2.68767,0.15573
2.69567,0.1583
2.703,0.1583
2.71067,0.1583
2.71867,0.1583
2.727,0.15701
2.73533,0.15315
2.74333,0.14929
2.75133,0.14543
2.76,0.14028
2.768,0.13256
2.776,0.12484
2.784,0.11712
2.79167,0.1094
2.79967,0.10039
2.80767,0.0888
2.81567,0.07722
2.82333,0.06564
2.83167,0.05277
2.84033,0.03861
2.84933,0.02703
2.85767,0.01158
2.86633,0.0
2.87467,-0.01416
2.88333,-0.02703
2.89233,-0.03861
2.90033,-0.05405
2.90833,-0.06564
2.91667,-0.07722
2.92467,-0.0888
2.933,-0.09653
2.941,-0.10811
2.949,-0.11583
2.957,-0.12355
2.965,-0.12741
2.973,-0.13514
2.98133,-0.139
2.98933,-0.14286
2.99767,-0.14672
3.00567,-0.14672
3.01367,-0.15058
3.02233,-0.15058
3.03033,-0.15058
3.03867,-0.14672
3.047,-0.14543
3.05533,-0.14028
3.06367,-0.13385
3.07233,-0.12999
3.08067,-0.12355
3.08867,-0.11454
3.097,-0.10811
3.10467,-0.09653
3.11267,-0.08623
3.121,-0.07722
3.129,-0.06564
3.13667,-0.05405
3.14433,-0.04247
3.15233,-0.03089
3.16133,-0.01931
3.16933,-0.00129
3.17833,0.01158
3.18633,0.02317
3.19433,0.03475
3.20233,0.04633
3.21033,0.05792
3.21933,0.0695
3.22733,0.08108
3.23633,0.09009
3.24433,0.10425
3.25233,0.11197
3.26033,0.11969
3.26933,0.12741
3.27733,0.13127
3.286,0.13514
3.294,0.14286
3.30167,0.14286
3.31,0.14672
3.31767,0.14672
3.32567,0.14672
3.33333,0.14672
3.34167,0.14672
3.34967,0.14672
3.35767,0.14672
3.36533,0.14286
3.37333,0.13514
3.38133,0.12741
3.38933,0.11969
3.39733,0.11197
3.40533,0.10425
3.414,0.09653
3.422,0.08494
3.43033,0.07336
3.43833,0.06178
3.44667,0.05405
3.45467,0.04247
3.463,0.02445
3.471,0.01416
3.47933,0.0
3.48767,-0.01158
3.49567,-0.02317
3.50333,-0.03475
3.51133,-0.04633
3.51967,-0.05792
3.528,-0.06821
3.53567,-0.07722
3.54367,-0.08752
3.55167,-0.09524
3.56,-0.10425
3.568,-0.11326
3.57633,-0.1184
3.585,-0.12484
3.59267,-0.1287
3.60133,-0.13256
3.60933,-0.13642
3.61767,-0.139
3.626,-0.139
3.63433,-0.139
3.64233,-0.139
3.65067,-0.139
3.659,-0.13642
3.66733,-0.13256
3.67567,-0.1287
3.68433,-0.12227
3.69233,-0.11583
3.70133,-0.10811
3.70933,-0.10039
3.718,-0.0888
3.726,-0.08108
3.734,-0.07336
3.74167,-0.06178
3.74933,-0.05019
3.75733,-0.03861
3.76533,-0.02703
3.773,-0.01544
3.78067,-0.00386
3.789,0.00772
3.797,0.01931
3.80533,0.03089
3.81333,0.04247
3.82233,0.05405
3.83067,0.06564
3.839,0.07722
3.84733,0.08752
3.85633,0.09524
3.86467,0.10296
3.873,0.11068
3.88067,0.11712
3.88867,0.12227
3.897,0.1287
3.90533,0.13256
3.91367,0.13514
3.92133,0.13642
3.929,0.139
3.93667,0.139
3.94433,0.139
3.952,0.139
3.95967,0.13771
3.96767,0.13385
3.976,0.12999
3.98433,0.12484
3.99333,0.1184
4.00167,0.11068
4.01033,0.10296
4.019,0.09524
4.027,0.08752
4.03467,0.07722
4.04267,0.06821
4.05067,0.05792
4.05867,0.04633
4.06633,0.03475
4.07433,0.02317
4.08233,0.01158
4.09033,0.0
4.09867,-0.00901
4.10733,-0.01931
4.11567,-0.03089
4.12333,-0.04247
4.131,-0.05405
4.139,-0.06306
4.14667,-0.07336
4.15467,-0.08237
4.16267,-0.09009
4.17067,-0.09781
4.179,-0.10553
4.18733,-0.11068
4.19533,-0.11454
4.20367,-0.12098
4.21233,-0.12613
4.22067,-0.12741
4.22933,-0.13127
4.23733,-0.13127
4.246,-0.13127
4.254,-0.13127
4.262,-0.13127
4.27,-0.12741
4.278,-0.12355
4.28633,-0.11969
4.29433,-0.11197
4.30233,-0.10811
4.31133,-0.0991
4.31967,-0.09266
4.328,-0.08237
4.33567,-0.07465
4.34367,-0.06564
4.35167,-0.05534
4.35967,-0.04633
4.36767,-0.03475
4.37533,-0.02445
4.384,-0.01416
4.39233,0.0
4.40067,0.0103
4.40933,0.01931
4.41733,0.03475
4.42567,0.04633
4.434,0.05534
4.442,0.06564
4.45033,0.07465
4.45833,0.08237
4.46633,0.09009
4.47433,0.09781
4.48233,0.10553
4.49133,0.11068
4.49933,0.11712
4.508,0.12227
4.51633,0.12741
4.525,0.12741
4.53333,0.13127
4.542,0.13127
4.54967,0.13127
4.55767,0.13127
4.56567,0.13127
4.57333,0.12741
4.582,0.12355
4.59033,0.11969
4.59833,0.11197
4.60633,0.10811
4.61433,0.10039
4.623,0.09009
4.63133,0.08237
4.63933,0.07465
4.64767,0.06564
4.656,0.05534
4.66433,0.04633
4.67267,0.03475
4.68067,0.02445
4.68833,0.01544
4.69667,0.00386
4.70533,-0.00772
4.71433,-0.02059
4.72233,-0.03089
4.73033,-0.04247
4.73833,-0.05148
4.74633,-0.06178
4.75533,-0.07079
4.76333,-0.07851
4.77233,-0.08623
4.78067,-0.09653
4.789,-0.10039
4.79667,-0.10811
4.80533,-0.11197
4.81333,-0.11583
4.822,-0.11969
4.82967,-0.11969
4.83767,-0.12355
4.84633,-0.12355
4.85433,-0.12355
4.86267,-0.12355
4.87133,-0.12227
4.87967,-0.1184
4.88833,-0.11454
4.89667,-0.1094
4.90533,-0.10296
4.91333,-0.09781
4.922,-0.08752
4.93033,-0.07979
4.93833,-0.07207
4.94733,-0.06435
4.95533,-0.05663
4.96333,-0.04633
4.97167,-0.03732
4.98033,-0.02317
4.989,-0.01158
4.99733,0.0
5.00533,0.00772
5.01333,0.01931
5.02167,0.03089
5.03,0.03861
5.03833,0.05019
5.04633,0.05792
5.055,0.0695
5.06333,0.07722
5.07133,0.08623
5.07967,0.09138
5.08767,0.0991
5.09567,0.10553
5.104,0.1094
5.11233,0.11326
5.12067,0.11712
5.12867,0.11969
5.13733,0.11969
5.14533,0.12098
5.15333,0.12355
5.16167,0.12355
5.16933,0.12098
5.17767,0.11969
5.18533,0.1184
5.193,0.11326
5.20133,0.10682
5.20967,0.10167
5.21833,0.09524
5.22633,0.08752
5.23467,0.07979
5.24267,0.07207
5.25033,0.06178
5.258,0.05277
5.266,0.04505
5.27433,0.03475
5.28267,0.02574
5.291,0.01544
5.299,0.00386
5.30667,-0.00515
5.31467,-0.01544
5.32267,-0.02445
5.33033,-0.03475
5.338,-0.04376
5.346,-0.05148
5.35433,-0.06178
5.36233,-0.07079
5.37033,-0.07851
5.37833,-0.08366
5.38667,-0.09009
5.39533,-0.09524
5.40333,-0.0991
5.41233,-0.10553
5.42033,-0.11197
5.42867,-0.11197
5.43633,-0.11197
5.44433,-0.11583
5.45233,-0.11583
5.46033,-0.11583
5.468,-0.11583
5.47633,-0.11326
5.48433,-0.10811
5.49233,-0.10425
5.501,-0.10039
5.509,-0.09653
5.517,-0.0888
5.52533,-0.08108
5.53333,-0.07336
5.54133,-0.0695
5.55,-0.05792
5.55833,-0.05019
5.56633,-0.04247
5.57467,-0.03475
5.583,-0.01931
5.59167,-0.00901
5.6,0.0
5.60767,0.0103
5.61567,0.01802
5.62367,0.02703
5.63233,0.03732
5.641,0.04633
5.64933,0.05663
5.65733,0.06435
5.66533,0.07207
5.67367,0.08237
5.682,0.08752
5.69033,0.09395
5.69833,0.0991
5.707,0.10296
5.71533,0.10682
5.72333,0.11068
5.73133,0.11197
5.73933,0.11454
5.747,0.11583
5.75467,0.11583
5.76267,0.11583
5.77067,0.11583
5.77833,0.11326
5.787,0.1094
5.79533,0.10553
5.80333,0.10167
5.81133,0.09524
5.819,0.09009
5.82733,0.08366
5.83533,0.07593
5.84433,0.06821
5.85233,0.06049
5.86033,0.05019
5.869,0.03861
5.877,0.03089
5.885,0.02317
5.893,0.01158
5.90067,0.00386
5.909,-0.00772
5.91733,-0.01544
5.92533,-0.02317
5.93333,-0.03475
5.94133,-0.04247
5.949,-0.05019
5.95733,-0.06178
5.965,-0.06564
5.973,-0.07336
5.981,-0.08108
5.989,-0.08494
5.997,-0.09266
6.00533,-0.09653
6.01333,-0.10039
6.022,-0.10039
6.03033,-0.10425
6.03833,-0.10811
6.04667,-0.10811
6.05467,-0.10811
6.06267,-0.10811
6.07133,-0.10682
6.07967,-0.10296
6.088,-0.0991
6.09633,-0.09524
6.10433,-0.09138
6.11267,-0.08752
6.12067,-0.08237
6.128,-0.07465
6.136,-0.06821
6.14367,-0.06178
6.15167,-0.05148
6.15933,-0.04376
6.167,-0.03604
6.17533,-0.02703
6.184,-0.01673
6.19233,-0.00901
6.201,0.0
6.20933,0.0103
6.21767,0.02059
6.22633,0.03089
6.23467,0.0399
6.243,0.04762
6.25133,0.05534
6.25933,0.06306
6.268,0.07079
6.276,0.07593
6.28367,0.08237
6.29167,0.08752
6.29967,0.09395
6.30733,0.0991
6.315,0.10039
6.323,0.10296
6.331,0.10425
6.33867,0.10682
6.34733,0.10811
6.355,0.10811
6.36267,0.10811
6.37067,0.10553
6.37867,0.10425
6.38633,0.10167
6.39433,0.09781
6.40233,0.09395
6.41,0.08752
6.41833,0.08237
6.42633,0.07593
6.43433,0.07079
6.44233,0.06178
6.45033,0.05534
6.45867,0.04633
6.46733,0.03732
6.476,0.0296
6.484,0.02188
6.492,0.01416
6.49967,0.00386
6.50833,-0.00515
6.517,-0.01931
6.525,-0.02703
6.53267,-0.03475
6.54067,-0.04247
6.54867,-0.05019
6.55633,-0.05792
6.56433,-0.06564
6.57267,-0.0695
6.58067,-0.07722
6.58833,-0.08108
6.59633,-0.08494
6.605,-0.0888
6.61333,-0.09653
6.62133,-0.09653
6.62933,-0.09653
6.63733,-0.10039
6.64567,-0.10039
6.654,-0.10039
6.66233,-0.10039
6.67033,-0.10039
6.67933,-0.09653
6.68733,-0.09395
6.69567,-0.08752
6.704,-0.08366
6.712,-0.07979
6.72,-0.07465
6.728,-0.06821
6.736,-0.06306
6.744,-0.05534
6.75233,-0.04762
6.76067,-0.0399
6.76867,-0.03218
6.777,-0.02445
6.78533,-0.01544
6.794,-0.00257
6.80233,0.00515
6.811,0.01544
6.81933,0.02445
6.82767,0.03218
6.83567,0.0399
6.84367,0.04762
6.85167,0.05534
6.85967,0.06049
6.86833,0.06692
6.87633,0.07336
6.88467,0.08108
6.89333,0.08494
6.90133,0.0888
6.90933,0.09266
6.91733,0.09653
6.92567,0.10039
6.93367,0.10039
6.94167,0.10039
6.94933,0.10039
6.957,0.10039
6.96467,0.10039
6.97267,0.10039
6.98033,0.09653
6.98933,0.09266
6.99733,0.0888
7.006,0.08494
7.014,0.07722
7.02233,0.07336
7.03,0.06564
7.038,0.05792
7.046,0.05405
7.05433,0.04247
7.062,0.03861
7.07,0.03089
7.07833,0.02317
7.08667,0.01158
7.09467,0.00386
7.10267,-0.00386
7.11067,-0.01158
7.11867,-0.01931
7.12667,-0.02703
7.13467,-0.03475
7.14233,-0.04247
7.15033,-0.05019
7.15833,-0.05405
7.16633,-0.06178
7.17433,-0.0695
7.18233,-0.07336
7.19033,-0.08108
7.19867,-0.08108
7.20733,-0.08623
7.21533,-0.0888
7.22367,-0.09009
7.23167,-0.09266
7.23967,-0.09266
7.247,-0.09266
7.255,-0.09266
7.26267,-0.09266
7.27067,-0.09266
7.27833,-0.0888
7.28667,-0.08494
7.29467,-0.08108
7.30267,-0.07722
7.31033,-0.07336
7.31867,-0.0695
7.32667,-0.0592
7.33533,-0.05277
7.34333,-0.04762
7.35133,-0.0399
7.35967,-0.03218
7.36767,-0.02445
7.37567,-0.01673
7.38367,-0.00901
7.39167,-0.00129
7.39967,0.00644
7.40767,0.01544
7.41567,0.02445
7.42433,0.0296
7.43267,0.03732
7.44067,0.04505
7.44933,0.05277
7.45767,0.06049
7.46567,0.06692
7.47433,0.07207
7.48233,0.07593
7.49033,0.07979
7.499,0.08366
7.507,0.08752
7.515,0.0888
7.52267,0.09138
7.53067,0.09266
7.53867,0.09266
7.54633,0.09266
7.55467,0.09266
7.56267,0.09266
7.57033,0.09009
7.57833,0.0888
7.58633,0.08623
7.59433,0.08237
7.60267,0.07593
7.61067,0.07079
7.61933,0.06692
7.62733,0.06049
7.63633,0.05277
7.64433,0.04247
7.65233,0.03861
7.661,0.03089
7.669,0.02317
7.67733,0.01544
7.68533,0.00772
7.69433,0.0
7.703,-0.0103
7.71133,-0.01802
7.72033,-0.02574
7.728,-0.03346
7.736,-0.04118
7.74367,-0.04762
7.75167,-0.05277
7.75933,-0.0592
7.76733,-0.06306
7.77533,-0.06692
7.78367,-0.07207
7.79167,-0.07851
7.79967,-0.08108
7.80767,-0.08237
7.81567,-0.08494
7.82367,-0.08494
7.83133,-0.08494
7.83967,-0.08494
7.84733,-0.08494
7.855,-0.08494
7.863,-0.08494
7.871,-0.08366
7.87933,-0.07979
7.88733,-0.07593
7.89567,-0.07207
7.90367,-0.06821
7.91167,-0.06306
7.91933,-0.05663
7.928,-0.05148
7.93667,-0.04376
7.94533,-0.03732
7.95433,-0.0296
7.96233,-0.02188
7.97067,-0.01416
7.97867,-0.00644
7.98667,0.00129
7.99467,0.00901
8.003,0.01673
8.01067,0.02445
8.01867,0.0296
8.02667,0.03604
8.03533,0.04376
8.04333,0.05148
8.05233,0.05663
8.061,0.06178
8.069,0.0695
8.077,0.07336
8.085,0.07722
8.093,0.08108
8.10067,0.08108
8.109,0.08494
8.117,0.08494
8.12467,0.0888
8.13267,0.0888
8.14033,0.0888
8.14867,0.0888
8.15633,0.0888
8.16433,0.08494
8.17233,0.08108
8.18033,0.07722
8.18833,0.07336
8.19633,0.0695
8.205,0.06564
8.21267,0.05792
8.22033,0.05405
8.229,0.05019
8.237,0.04247
8.24467,0.03475
8.25333,0.02703
8.26133,0.02317
8.27,0.01158
8.278,0.00772
8.286,0.0
8.29433,-0.00772
8.303,-0.01544
8.31067,-0.01931
8.31867,-0.02703
8.32667,-0.03475
8.33467,-0.03861
8.34267,-0.04633
8.35133,-0.05534
8.35933,-0.0592
8.368,-0.06306
8.376,-0.06692
8.38367,-0.07079
8.39167,-0.07465
8.39933,-0.07722
8.40733,-0.07851
8.41533,-0.08108
8.42367,-0.08108
8.43167,-0.08108
8.43967,-0.08108
8.447,-0.08108
8.455,-0.08108
8.46267,-0.08108
8.471,-0.07593
8.47933,-0.07207
8.48833,-0.06821
8.49633,-0.06306
8.50433,-0.05663
8.51267,-0.05277
8.52033,-0.04762
8.528,-0.04118
8.536,-0.03604
8.544,-0.02831
8.55233,-0.02188
8.56033,-0.01673
8.56867,-0.00901
8.57667,-0.00129
8.58467,0.00644
8.593,0.01287
8.60133,0.01802
8.61,0.02831
8.61833,0.03604
8.62667,0.04118
8.63533,0.04762
8.64333,0.05277
8.65167,0.05663
8.65967,0.06049
8.668,0.06692
8.67567,0.0695
8.68367,0.07207
8.69233,0.07593
8.70067,0.07722
8.709,0.08108
8.717,0.08108
8.72467,0.08108
8.73267,0.08108
8.74067,0.08108
8.749,0.08108
8.75733,0.08108
8.76533,0.07722
8.774,0.07336
8.782,0.0695
8.79,0.06564
8.798,0.05792
8.80567,0.05792
8.813,0.05019
8.82133,0.04247
8.82967,0.03861
8.83833,0.03089
8.84667,0.02703
8.85533,0.01673
8.86367,0.0103
8.872,0.00515
8.88033,-0.00257
8.88933,-0.0103
8.89733,-0.01802
8.90567,-0.02445
8.91367,-0.03218
8.92167,-0.03732
8.93,-0.04118
8.938,-0.04762
8.94633,-0.05277
8.95433,-0.05663
8.96267,-0.06049
8.97133,-0.06435
8.97933,-0.06821
8.98733,-0.0695
8.99533,-0.07207
9.00333,-0.07336
9.01133,-0.07336
9.02,-0.07336
9.02833,-0.07336
9.03633,-0.07336
9.04467,-0.07336
9.05233,-0.07336
9.06033,-0.0695
9.06933,-0.06564
9.07733,-0.06178
9.086,-0.05792
9.09367,-0.05405
9.10167,-0.05019
9.10967,-0.04247
9.11767,-0.03861
9.126,-0.03475
9.13367,-0.02703
9.14167,-0.01931
9.14967,-0.01544
9.15733,-0.00772
9.16533,-0.00386
9.17433,0.00386
9.18267,0.01158
9.191,0.02059
9.199,0.02574
9.207,0.03218
9.215,0.03732
9.223,0.04376
9.23133,0.04762
9.23933,0.05148
9.24733,0.05534
9.25533,0.0592
9.26367,0.06306
9.27167,0.06692
9.28,0.07079
9.288,0.07336
9.29567,0.07336
9.30367,0.07336
9.31167,0.07336
9.319,0.07336
9.32733,0.07336
9.33533,0.07336
9.34333,0.07336
9.35133,0.07207
9.35967,0.06821
9.368,0.06435
9.376,0.06049
9.38367,0.05663
9.39167,0.05277
9.39967,0.04762
9.408,0.04118
9.416,0.03732
9.42433,0.03218
9.43267,0.02574
9.44067,0.02059
9.449,0.01416
9.457,0.00901
9.46533,0.00129
9.47333,-0.00515
9.48233,-0.01287
9.49033,-0.01802
9.49833,-0.02445
9.50667,-0.03218
9.51533,-0.03732
9.52333,-0.04118
9.53133,-0.04505
9.539,-0.04891
9.54667,-0.05277
9.55467,-0.05663
9.56267,-0.06049
9.57067,-0.06435
9.57867,-0.06564
9.58633,-0.06564
9.59467,-0.06821
9.60333,-0.0695
9.61133,-0.0695
9.61967,-0.0695
9.62833,-0.0695
9.63633,-0.0695
9.64433,-0.06564
9.65233,-0.06178
9.661,-0.05792
9.66933,-0.05792
9.67767,-0.05405
9.686,-0.05019
9.694,-0.04247
9.702,-0.03861
9.71,-0.03475
9.718,-0.02703
9.72633,-0.02317
9.73433,-0.01931
9.74233,-0.01158
9.75067,-0.00515
9.759,0.00257
9.76733,0.00901
9.77567,0.01416
9.78367,0.02059
9.79167,0.02574
9.8,0.03218
9.80833,0.03604
9.81667,0.0399
9.82467,0.04505
9.833,0.05148
9.841,0.05534
9.84933,0.05792
9.85833,0.06049
9.86667,0.06435
9.87533,0.06564
9.884,0.06821
9.892,0.0695
9.89967,0.0695
9.907,0.0695
9.915,0.0695
9.92267,0.0695
9.93,0.0695
9.93767,0.0695
9.94533,0.06821
9.953,0.06306
9.961,0.05792
9.96867,0.05663
9.977,0.05277
9.98533,0.04762
9.99333,0.0399
10.00233,0.03604
10.01033,0.0296
10.01867,0.02445
10.02733,0.02059
10.03533,0.01416
10.044,0.00901
10.052,0.00257
10.06,-0.00257
10.068,-0.00644
10.076,-0.01287
10.08367,-0.01802
10.09133,-0.02445
10.09933,-0.0296
10.10733,-0.03346
10.11533,-0.03732
10.12333,-0.04376
10.131,-0.04891
10.139,-0.05019
10.14667,-0.05277
10.155,-0.05663
10.16333,-0.05792
10.17167,-0.06049
10.17967,-0.06178
10.18733,-0.06435
10.19567,-0.06564
10.204,-0.06564
10.21167,-0.06564
10.22,-0.06564
10.22833,-0.06178
10.237,-0.05792
10.24467,-0.05792
10.25267,-0.05405
10.26133,-0.05019
10.26967,-0.04633
10.27767,-0.04247
10.28567,-0.03861
10.29367,-0.03475
10.30167,-0.02703
10.31,-0.02317
10.31833,-0.01931
10.327,-0.0103
10.33533,-0.00644
10.344,-0.00129
10.35233,0.00515
10.36067,0.0103
10.36933,0.01673
10.37733,0.02059
10.38533,0.02574
10.39367,0.03218
10.40167,0.03732
10.40967,0.04118
10.41767,0.04505
10.42633,0.04891
10.43433,0.05277
10.44333,0.05663
10.45133,0.05792
10.45933,0.06049
10.468,0.06178
10.47633,0.06178
10.48433,0.06564
10.49333,0.06564
10.50133,0.06564
10.50967,0.06564
10.51767,0.06564
10.526,0.06178
10.53433,0.05792
10.542,0.05792
10.55,0.05405
10.558,0.05019
10.56633,0.04633
10.57433,0.04247
10.58267,0.03861
10.59067,0.03475
10.59867,0.02703
10.60633,0.02703
10.61433,0.01931
10.623,0.01544
10.631,0.00772
10.639,0.00129
10.64733,-0.00515
10.65533,-0.00901
10.66367,-0.01416
10.672,-0.02059
10.68,-0.02445
10.68767,-0.02831
10.69567,-0.03218
10.70367,-0.03604
10.712,-0.0399
10.72033,-0.04376
10.72867,-0.04762
10.73733,-0.05019
10.74533,-0.05148
10.753,-0.05405
10.76067,-0.05405
10.768,-0.05534
10.776,-0.05792
10.78367,-0.05792
10.79167,-0.05792
10.799,-0.05792
10.80667,-0.05792
10.81433,-0.05792
10.82233,-0.05405
10.83,-0.05405
10.83833,-0.05019
10.846,-0.04633
10.854,-0.04247
10.86167,-0.03861
10.87,-0.03475
10.878,-0.03475
10.886,-0.02703
10.89367,-0.02317
10.90167,-0.01931
10.91,-0.01544
10.91767,-0.00772
10.92567,-0.00386
10.93433,0.0
10.943,0.00901
10.95133,0.01287
10.96,0.01802
10.96833,0.02445
10.97667,0.02831
10.98467,0.03218
10.99233,0.03604
11.00067,0.0399
11.00933,0.04376
11.01733,0.04891
11.02633,0.05019
11.03433,0.05277
11.04267,0.05405
11.05067,0.05663
11.05867,0.05792
11.06633,0.05792
11.075,0.05792
11.08333,0.05792
11.09167,0.05792
11.1,0.05792
11.10833,0.05792
11.11667,0.05405
11.12533,0.05405
11.134,0.05019
11.142,0.04633
11.15,0.04247
11.15767,0.04247
11.166,0.03861
11.174,0.03089
11.18233,0.02703
11.191,0.02188
11.19933,0.01802
11.20833,0.01416
11.21633,0.00901
11.22433,0.00257
11.23267,-0.00129
11.24067,-0.00515
11.24867,-0.0103
11.25733,-0.01673
11.265,-0.02059
11.273,-0.02445
11.28133,-0.0296
11.29033,-0.03346
11.29867,-0.03732
11.30633,-0.04118
11.314,-0.04247
11.32167,-0.04505
11.33033,-0.04891
11.33867,-0.05019
11.347,-0.05019
11.355,-0.05019
11.36267,-0.05019
11.37067,-0.05277
11.37867,-0.05405
11.386,-0.05405
11.39367,-0.05405
11.402,-0.05148
11.41033,-0.05019
11.41833,-0.04762
11.42667,-0.04376
11.435,-0.04247
11.44333,-0.0399
11.45133,-0.03604
11.46,-0.03218
11.468,-0.02831
11.47633,-0.02445
11.48467,-0.01931
11.493,-0.01544
11.501,-0.00772
11.509,-0.00386
11.51733,0.0
11.52533,0.00386
11.53333,0.00772
11.54133,0.01158
11.54933,0.01931
11.558,0.02317
11.566,0.02703
11.57433,0.03089
11.58233,0.03475
11.59033,0.03861
11.59833,0.04247
11.606,0.04247
11.61433,0.04633
11.62233,0.05019
11.63033,0.05019
11.638,0.05019
11.64567,0.05405
11.65367,0.05405
11.661,0.05405
11.66867,0.05405
11.67633,0.05405
11.684,0.05405
11.69167,0.05405
11.69967,0.05405
11.70733,0.05148
11.71533,0.04762
11.72367,0.04376
11.73167,0.04247
11.73933,0.0399
11.74733,0.03604
11.75533,0.03218
11.76333,0.02831
11.77133,0.02445
11.78033,0.02059
11.789,0.01544
11.79733,0.01158
11.80533,0.00772
11.81433,0.0
11.823,-0.00515
11.83167,-0.00901
11.84,-0.01287
11.84833,-0.01673
11.85667,-0.02059
11.86467,-0.02445
11.87233,-0.02831
11.88033,-0.03218
11.88867,-0.03475
11.896,-0.03604
11.904,-0.0399
11.912,-0.04247
11.91967,-0.04376
11.92767,-0.04633
11.93567,-0.04633
11.943,-0.04762
11.951,-0.05019
11.959,-0.05019
11.96667,-0.05019
11.97433,-0.05019
11.982,-0.05019
11.99,-0.04633
11.998,-0.04247
12.00567,-0.04247
12.01367,-0.03861
12.02233,-0.03861
12.03033,-0.03475
12.03933,-0.0296
12.048,-0.02574
12.05633,-0.02317
12.064,-0.02188
12.072,-0.01673
12.07967,-0.0103
12.08767,-0.00644
12.09567,-0.00257
12.10367,0.00129
12.11167,0.00515
12.12033,0.00901
12.129,0.01287
12.13733,0.01802
12.14633,0.02188
12.155,0.02574
12.16333,0.0296
12.17133,0.03346
12.17967,0.03732
12.188,0.03861
12.19633,0.04247
12.20533,0.04247
12.21333,0.04247
12.22167,0.04633
12.23,0.04633
12.23833,0.05019
12.24667,0.05019
12.255,0.05019
12.263,0.05019
12.27067,0.05019
12.27833,0.05019
12.28667,0.04505
12.295,0.04247
12.303,0.04247
12.311,0.04118
12.31933,0.03732
12.32767,0.03346
12.336,0.0296
12.344,0.02703
12.352,0.02574
12.36,0.02188
12.36833,0.01673
12.37667,0.01158
12.385,0.0103
12.39333,0.00515
12.40167,-0.00257
12.41,-0.00386
12.41767,-0.00644
12.42567,-0.0103
12.43367,-0.01673
12.442,-0.01931
12.45033,-0.02188
12.45867,-0.02574
12.467,-0.0296
12.47533,-0.03346
12.484,-0.03475
12.492,-0.03475
12.5,-0.03732
12.50833,-0.03861
12.51633,-0.04247
12.525,-0.04247
12.53333,-0.04247
12.54133,-0.04247
12.54933,-0.04247
12.55733,-0.04247
12.56533,-0.04247
12.57333,-0.04247
12.58133,-0.03861
12.58967,-0.03861
12.59733,-0.03475
12.60567,-0.03475
12.61433,-0.03089
12.62267,-0.02703
12.63133,-0.02574
12.63933,-0.02188
12.648,-0.01802
12.65633,-0.01416
12.66433,-0.0103
12.67267,-0.00644
12.681,-0.00257
12.689,0.00129
12.69667,0.00515
12.70467,0.00901
12.713,0.01158
12.72067,0.01287
12.72867,0.01673
12.737,0.02059
12.74533,0.02445
12.75333,0.02831
12.761,0.03218
12.769,0.03475
12.77733,0.03604
12.786,0.03861
12.794,0.03861
12.80233,0.04118
12.81,0.04247
12.81767,0.04247
12.82567,0.04247
12.83333,0.04247
12.841,0.04247
12.84867,0.04247
12.85667,0.04247
12.86467,0.04247
12.87333,0.04247
12.88133,0.0399
12.89033,0.03861
12.898,0.03604
12.90633,0.03218
12.91467,0.02831
12.92267,0.02703
12.93033,0.02445
12.93833,0.02059
12.94633,0.01673
12.95467,0.01287
12.96233,0.01158
12.97033,0.00901
12.97833,0.00515
12.98667,-0.00129
12.99533,-0.00386
13.00367,-0.00644
13.01233,-0.01158
13.02033,-0.01544
13.029,-0.01931
13.03667,-0.01931
13.045,-0.02317
13.053,-0.02703
13.06067,-0.02703
13.06867,-0.03089
13.077,-0.03475
13.08533,-0.03475
13.093,-0.03475
13.101,-0.03475
13.109,-0.03861
13.11733,-0.03861
13.12567,-0.03861
13.133,-0.03861
13.141,-0.03861
13.149,-0.03861
13.157,-0.03861
13.16467,-0.03475
13.17267,-0.03475
13.18067,-0.03475
13.18867,-0.03089
13.19667,-0.02703
13.20467,-0.02703
13.21233,-0.02317
13.22033,-0.01931
13.22833,-0.01931
13.23633,-0.01544
13.24467,-0.01158
13.253,-0.00772
13.26133,-0.00386
13.26933,0.0
13.27733,0.00386
13.28533,0.00772
13.293,0.00772
13.301,0.01158
13.309,0.01544
13.317,0.01931
13.32533,0.02317
13.334,0.02317
13.34233,0.02703
13.35067,0.02831
13.35933,0.03218
13.36767,0.03475
13.37633,0.03475
13.384,0.03604
13.39233,0.03861
13.40033,0.03861
13.40867,0.03861
13.417,0.03861
13.425,0.03861
13.433,0.03861
13.441,0.03861
13.44867,0.03861
13.45633,0.03861
13.46433,0.03732
13.47267,0.03475
13.48133,0.03346
13.489,0.0296
13.49733,0.02703
13.505,0.02574
13.513,0.02317
13.521,0.02188
13.52933,0.01802
13.53733,0.01416
13.54567,0.00901
13.554,0.00772
13.56167,0.00515
13.57033,-0.00129
13.578,-0.00386
13.586,-0.00644
13.594,-0.00772
13.60233,-0.0103
13.61033,-0.01416
13.61933,-0.01802
13.627,-0.01931
13.63533,-0.02188
13.643,-0.02317
13.65067,-0.02574
13.65867,-0.02703
13.66667,-0.0296
13.675,-0.03089
13.68333,-0.03346
13.69133,-0.03475
13.7,-0.03475
13.70833,-0.03475
13.71667,-0.03475
13.72533,-0.03475
13.73333,-0.03475
13.741,-0.03475
13.749,-0.03089
13.757,-0.03089
13.765,-0.02703
13.77267,-0.02703
13.78033,-0.02317
13.78867,-0.02317
13.797,-0.01931
13.80533,-0.01931
13.81367,-0.01544
13.82133,-0.01158
13.82933,-0.00772
13.83733,-0.00772
13.84533,-0.00386
13.853,0.0
13.86133,0.00386
13.86933,0.00386
13.87767,0.00772
13.886,0.01158
13.89367,0.01158
13.90167,0.01544
13.90967,0.01931
13.91767,0.02317
13.92567,0.02317
13.93333,0.02703
13.94133,0.02703
13.94967,0.02703
13.958,0.03089
13.96567,0.03089
13.97367,0.03475
13.982,0.03475
13.98967,0.03475
13.99767,0.03475
14.00567,0.03475
14.014,0.03475
14.022,0.03475
14.03,0.03475
14.03833,0.03475
14.04633,0.03089
14.05467,0.0296
14.06333,0.02703
14.07133,0.02703
14.07967,0.02574
14.088,0.02317
14.09633,0.02188
14.10467,0.01802
14.11267,0.01416
14.121,0.01158
14.12933,0.0103
14.13833,0.00515
14.146,0.00386
14.15367,0.00129
14.16167,-0.00257
14.16967,-0.00386
14.17767,-0.00644
14.18633,-0.0103
14.19433,-0.01158
14.20233,-0.01416
14.21133,-0.01802
14.21933,-0.01931
14.22833,-0.02188
14.23633,-0.02317
14.244,-0.02317
14.25233,-0.02703
14.26067,-0.02703
14.26867,-0.02703
14.27667,-0.02703
14.285,-0.02703
14.29267,-0.02703
14.30067,-0.02703
14.308,-0.02703
14.31567,-0.02703
14.323,-0.02703
14.33067,-0.02703
14.33833,-0.02703
14.34633,-0.02445
14.355,-0.02317
14.36333,-0.02317
14.37167,-0.02059
14.38,-0.01931
14.388,-0.01673
14.39567,-0.01287
14.40367,-0.01158
14.412,-0.00901
14.42033,-0.00515
14.429,-0.00386
14.437,0.0
14.445,0.00386
14.45333,0.00386
14.46133,0.00772
14.46933,0.01158
14.47733,0.01158
14.48533,0.01544
14.49333,0.01544
14.50133,0.01931
14.50967,0.01931
14.518,0.02317
14.526,0.02317
14.53433,0.02703
14.54233,0.02703
14.55,0.02703
14.558,0.02703
14.566,0.02703
14.57367,0.02703
14.58167,0.02703
14.58967,0.03089
14.598,0.03089
14.606,0.03089
14.61367,0.03089
14.62133,0.02703
14.63033,0.02703
14.63833,0.02703
14.64667,0.02574
14.65533,0.02317
14.66333,0.02188
14.672,0.01931
14.67967,0.01802
14.68767,0.01416
14.69567,0.01158
14.70367,0.01158
14.71167,0.0103
14.72,0.00644
14.72833,0.00386
14.73667,0.00257
14.74467,-0.00129
14.75267,-0.00386
14.76,-0.00515
14.76833,-0.00772
14.77667,-0.00901
14.78533,-0.01158
14.79367,-0.01416
14.80233,-0.01802
14.81,-0.01931
14.81767,-0.01931
14.82567,-0.01931
14.83333,-0.02059
14.84167,-0.02317
14.84933,-0.02317
14.858,-0.02317
14.86633,-0.02317
14.87433,-0.02317
14.88233,-0.02317
14.89,-0.02317
14.89767,-0.02317
14.90567,-0.02317
14.91367,-0.02317
14.922,-0.02317
14.93033,-0.02059
14.939,-0.01931
14.947,-0.01931
14.95533,-0.01673
14.96333,-0.01544
14.97167,-0.01287
14.98033,-0.01158
14.98833,-0.00772
14.997,-0.00772
15.00533,-0.00386
15.01333,-0.00386
15.02133,0.0
15.02933,0.00386
15.038,0.00386
15.04633,0.00772
15.05433,0.00772
15.06233,0.01158
15.07067,0.01158
15.079,0.01544
15.087,0.01673
15.09567,0.01931
15.10333,0.01931
15.11133,0.02059
15.11933,0.02317
15.128,0.02317
15.136,0.02317
15.14433,0.02317
15.15233,0.02317
15.16033,0.02445
15.16867,0.02703
15.177,0.02703
15.18533,0.02703
15.19367,0.02703
15.20167,0.02703
15.20933,0.02445
15.21833,0.02317
15.22667,0.02317
15.23533,0.02059
15.243,0.01931
15.251,0.01931
15.25867,0.01673
15.26667,0.01287
15.27467,0.01158
15.282,0.01158
15.28967,0.00901
15.29767,0.00772
15.30567,0.00515
15.31433,0.00129
15.32233,0.0
15.33033,-0.00257
15.33867,-0.00386
15.34633,-0.00386
15.354,-0.00644
15.36233,-0.00772
15.37033,-0.0103
15.37867,-0.01158
15.38733,-0.01416
15.39533,-0.01544
15.40367,-0.01544
15.412,-0.01802
15.41967,-0.01931
15.42733,-0.01931
15.435,-0.01931
15.443,-0.01931
15.45067,-0.01931
15.459,-0.01931
15.46667,-0.01931
15.47433,-0.01931
15.482,-0.01931
15.48967,-0.01931
15.49767,-0.01931
15.505,-0.01931
15.51267,-0.01931
15.52067,-0.01802
15.529,-0.01544
15.53733,-0.01416
15.546,-0.01158
15.554,-0.01158
15.562,-0.00901
15.57033,-0.00772
15.57833,-0.00515
15.587,-0.00386
15.595,-0.00386
15.60333,-0.00129
15.61133,0.00257
15.61933,0.00386
15.62733,0.00644
15.63567,0.00772
15.64333,0.00772
15.65133,0.0103
15.66,0.01158
15.668,0.01158
15.67633,0.01544
15.685,0.01544
15.69333,0.01931
15.70167,0.01931
15.71033,0.01931
15.71833,0.01931
15.72633,0.01931
15.73433,0.01931
15.74233,0.01931
15.75033,0.01931
15.75867,0.01931
15.76667,0.01931
15.77533,0.01931
15.78333,0.01931
15.79133,0.01931
15.79933,0.01931
15.80767,0.01931
15.81567,0.01802
15.824,0.01544
15.83233,0.01544
15.84,0.01416
15.84767,0.01158
15.856,0.01158
15.86433,0.0103
15.87267,0.00772
15.88067,0.00644
15.88933,0.00386
15.89733,0.00386
15.90567,0.00129
15.91433,-0.00257
15.92267,-0.00386
15.93067,-0.00386
15.93867,-0.00386
15.947,-0.00644
15.95533,-0.00772
15.96333,-0.00772
15.97133,-0.0103
15.97933,-0.01158
15.987,-0.01158
15.99533,-0.01158
16.00333,-0.01416
16.012,-0.01544
16.02033,-0.01544
16.02867,-0.01544
16.037,-0.01544
16.045,-0.01544
16.05333,-0.01544
16.06133,-0.01544
16.06933,-0.01544
16.077,-0.01544
16.08533,-0.01544
16.09333,-0.01544
16.10133,-0.01158
16.10967,-0.01158
16.11767,-0.01158
16.12567,-0.01158
16.13433,-0.00772
16.14267,-0.00772
16.151,-0.00644
16.15933,-0.00386
16.16767,-0.00386
16.17533,-0.00257
16.18367,0.0
16.19133,0.00129
16.19967,0.00386
16.208,0.00386
16.21633,0.00515
16.22433,0.00772
16.23267,0.00772
16.24067,0.00901
16.24867,0.01158
16.257,0.01158
16.265,0.01158
16.273,0.01158
16.28133,0.01287
16.28933,0.01544
16.29767,0.01544
16.306,0.01544
16.31367,0.01544
16.32133,0.01544
16.32933,0.01544
16.33767,0.01544
16.346,0.01544
16.35433,0.01544
16.362,0.01544
16.37,0.01544
16.378,0.01544
16.38633,0.01544
16.39433,0.01544
16.40233,0.01287
16.41033,0.01158
16.41867,0.01158
16.427,0.01158
16.435,0.01158
16.44333,0.00901
16.45133,0.00772
16.459,0.00772
16.46667,0.00515
16.47467,0.00386
16.48267,0.00129
16.49,0.0
16.498,0.0
16.50567,-0.00257
16.514,-0.00386
16.522,-0.00386
16.53,-0.00386
16.538,-0.00386
16.54633,-0.00644
16.55433,-0.00772
16.56233,-0.00772
16.57033,-0.00772
16.57867,-0.00772
16.587,-0.00772
16.59467,-0.0103
16.60267,-0.01158
16.61033,-0.01158
16.618,-0.01158
16.626,-0.01158
16.634,-0.01158
16.642,-0.01158
16.65033,-0.01158
16.65867,-0.01158
16.667,-0.01158
16.67533,-0.01158
16.68333,-0.00901
16.692,-0.00772
16.70033,-0.00772
16.70833,-0.00772
16.71667,-0.00772
16.725,-0.00772
16.73333,-0.00386
16.74167,-0.00386
16.74967,-0.00386
16.758,-0.00386
16.76633,0.0
16.774,0.0
16.782,0.0
16.78967,0.00386
16.79767,0.00386
16.806,0.00386
16.814,0.00772
16.822,0.00772
16.83,0.00772
16.838,0.00772
16.84567,0.00772
16.854,0.01158
16.86167,0.01158
16.87,0.01158
16.878,0.01158
16.88633,0.01158
16.89433,0.01158
16.90267,0.01158
16.911,0.01158
16.919,0.01158
16.927,0.01158
16.935,0.01158
16.943,0.01158
16.951,0.01158
16.959,0.01158
16.96667,0.01158
16.97433,0.01158
16.98233,0.01158
16.99033,0.01158
16.99833,0.01158
17.00667,0.00772
17.01433,0.00772
17.02233,0.00772
17.03033,0.00772
17.03867,0.00772
17.04667,0.00386
17.05533,0.00386
17.06333,0.00386
17.07167,0.00257
17.07967,0.0
17.08767,0.0
17.09567,-0.00129
17.104,-0.00386
17.112,-0.00386
17.12,-0.00386
17.128,-0.00386
17.13633,-0.00386
17.14433,-0.00386
17.15267,-0.00386
17.16067,-0.00515
17.16933,-0.00772
17.17733,-0.00772
17.18533,-0.00772
17.19367,-0.00772
17.202,-0.00772
17.21033,-0.00772
17.21833,-0.00772
17.22667,-0.00772
17.235,-0.00772
17.243,-0.00772
17.25133,-0.00772
17.25933,-0.00772
17.26733,-0.00772
17.27567,-0.00772
17.28367,-0.00515
17.292,-0.00386
17.30033,-0.00386
17.30833,-0.00386
17.31667,-0.00386
17.32467,-0.00386
17.33267,-0.00386
17.341,0.0
17.34933,0.0
17.35733,0.0
17.36533,0.0
17.37333,0.00386
17.38233,0.00386
17.39033,0.00386
17.39867,0.00386
17.40633,0.00386
17.41467,0.00515
17.42333,0.00772
17.43133,0.00772
17.43933,0.00772
17.44733,0.00772
17.455,0.00772
17.463,0.00772
17.471,0.00772
17.479,0.00772
17.48733,0.00772
17.49533,0.00772
17.50367,0.00772
17.512,0.00772
17.52033,0.00772
17.52867,0.00772
17.53667,0.00772
17.54533,0.00772
17.55333,0.00772
17.56133,0.00772
17.56933,0.00772
17.57767,0.00772
17.586,0.00772
17.594,0.00772
17.60233,0.00515
17.61033,0.00386
17.61867,0.00386
17.62633,0.00386
17.63467,0.00386
17.643,0.00386
17.65133,0.00386
17.65933,0.00129
17.66733,0.0
17.67567,0.0
17.68367,0.0
17.69167,0.0
17.69933,0.0
17.70733,-0.00257
17.71567,-0.00386
17.724,-0.00386
17.73233,-0.00386
17.74033,-0.00386
17.74867,-0.00386
17.75667,-0.00386
17.765,-0.00386
17.773,-0.00386
17.781,-0.00386
17.789,-0.00386
17.79733,-0.00386
17.80533,-0.00386
17.81333,-0.00386
17.82167,-0.00386
17.82967,-0.00386
17.838,-0.00386
17.846,-0.00386
17.854,-0.00386
17.86233,-0.00386
17.87033,-0.00386
17.87833,-0.00386
17.887,-0.00386
17.895,-0.00257
17.90367,0.0
17.91233,0.0
17.92033,0.0
17.92867,0.0
17.937,0.0
17.945,0.0
17.95267,0.0
17.96033,0.0
17.968,0.00129
17.976,0.00386
17.984,0.00386
17.99233,0.00386
18.00033,0.00386
18.00833,0.00386
18.01667,0.00386
18.025,0.00386
18.03333,0.00386
18.04133,0.00386
18.04967,0.00386
18.058,0.00386
18.06633,0.00386
18.074,0.00386
18.08233,0.00386
18.09067,0.00386
18.099,0.00386
18.107,0.00386
18.11533,0.00386
18.12367,0.00386
18.13167,0.00386
18.14,0.00386
18.148,0.00386
18.15633,0.00386
18.16433,0.00386
18.17267,0.00386
18.181,0.00386
18.189,0.00386
18.19733,0.00386
18.20533,0.00386
18.21367,0.00386
18.22167,0.00386
18.22967,0.00386
18.23767,0.00386
18.246,0.00386
18.25433,0.00386
18.26267,0.00257
18.27133,0.0
18.279,0.0
18.28733,0.0
18.29533,0.0
18.30333,0.0
18.31167,0.0
18.31967,0.0
18.32767,0.0
18.33567,0.0
18.34433,0.0
18.35233,0.0
18.36033,0.0
18.36833,0.0
18.37633,0.0
18.38467,0.0
18.393,0.0
18.40133,0.0
18.40933,0.0
18.41767,0.0
18.426,0.0
18.43433,0.0
18.44233,0.0
18.45033,0.0
18.45867,0.0
18.46667,0.0
18.475,0.0
18.483,0.0
18.491,0.0
18.499,0.0
18.50733,0.0
18.515,0.0
18.523,0.0
18.53133,0.0
18.53933,0.0
18.54767,0.0
18.556,0.0
18.56367,0.0
18.572,0.0
18.58033,0.0
18.58833,0.0
18.59667,0.0
18.60433,0.0
18.61267,0.0
18.62067,0.0
18.629,0.0
18.63667,0.0
18.64533,0.0
18.65333,0.0
18.66133,0.0
18.66933,0.0
18.677,0.0
18.685,0.0
18.693,0.0
18.70067,0.0
18.70867,0.0
18.717,0.0
18.72533,0.0
18.73333,0.0
18.74133,0.0
18.74967,0.0
18.75767,0.0
18.766,0.0
18.77367,0.0
18.78167,0.0
18.78967,0.0
18.798,0.0
18.806,0.0
18.81433,0.0
18.82233,0.0
18.83,0.0
18.838,0.0
18.846,0.0
18.854,0.0
18.86233,0.0
18.87033,0.0
18.878,0.0
18.886,0.0
18.89367,0.0
18.90167,0.0
18.90933,0.0
18.91733,0.0
18.92567,0.0
18.934,0.0
18.942,0.0
18.95,0.0
18.95833,0.0
18.96633,0.0
18.97467,0.0
18.98233,0.0
18.99067,0.0
18.99867,0.0
19.00733,0.0
19.01533,0.0
19.02367,0.0
19.032,0.0
19.04,0.0
19.048,0.0
19.05633,0.0
19.06433,0.0
19.07233,0.0
19.08067,0.0
19.08867,0.0
19.097,0.0
19.10533,0.0
19.11333,0.0
19.121,0.0
19.12867,0.0
19.137,0.0
19.14533,0.0
19.15333,0.0
19.161,0.0
19.169,0.0
19.177,0.0
19.18533,0.0
19.19333,0.0
19.20133,0.0
19.20967,0.0
19.218,0.0
19.226,0.0
19.23433,0.0
19.24267,0.0
19.251,0.0
19.259,0.0
19.26667,0.0
19.27467,0.0
19.28233,0.0
19.29,0.0
19.29767,0.0
19.30567,0.0
19.31333,0.0
19.321,0.0
19.32867,0.0
19.33633,0.0
19.34433,0.0
19.35267,0.0
19.36067,0.0
19.369,0.0
19.37667,0.0
19.385,0.0
19.39333,0.0
19.40133,0.0
19.40967,0.0
19.41833,0.0
19.42633,0.0
19.43467,0.0
19.443,0.0
19.45133,0.0
19.459,0.0
19.467,0.0
19.475,0.0
19.483,0.0
19.491,0.0
19.499,0.0
19.50733,0.0
19.51533,0.0
19.52333,0.0
19.53133,0.0
19.53933,0.0
19.54733,0.0
19.555,0.0
19.56333,0.0
19.57133,0.0
19.579,0.0
19.587,0.0
19.595,0.0
19.60267,0.0
19.61067,0.0
19.618,0.0
19.626,0.0
19.634,0.0
19.64233,0.0
19.65,0.0
19.65767,0.0
19.666,0.0
19.67433,0.0
19.68233,0.0
19.69067,0.0
19.69867,0.0
19.707,0.0
19.715,0.0
19.723,0.0
19.731,0.0
19.739,0.0
19.747,0.0
19.755,0.0
19.763,0.0
19.77133,0.0
19.77933,0.0
19.788,0.0
19.796,0.0
19.804,0.0
19.81167,0.0
19.82,0.0
19.82833,0.0
19.83667,0.0
19.84433,0.0
19.85233,0.0
19.86033,0.0
19.86833,0.0
19.87667,0.0
19.885,0.0
19.89333,0.0
19.90133,0.0
19.909,0.0
19.917,0.0
19.92467,0.0
19.93233,0.0
19.94033,0.0
19.94867,0.0
19.95667,0.0
19.965,0.0
19.97267,0.0
19.981,0.0
19.989,0.0
19.997,0.0
20.005,0.0
20.013,0.0
20.02067,0.0
20.02867,0.0
20.037,0.0
20.045,0.0
20.05333,0.0
20.06133,0.0
20.06933,0.0
20.077,0.0
20.085,0.0
20.093,0.0
20.10133,0.0
20.10933,0.0
20.118,0.0
20.126,0.0
20.134,0.0
20.14233,0.0
20.15033,0.0
20.15867,0.0
20.16633,0.0
20.17433,0.0
20.18233,0.0
20.19067,0.0
20.199,0.0
20.207,0.0
20.21533,0.0
20.22333,0.0
20.23133,0.0
20.23967,0.0
20.248,0.0
20.25633,0.0
20.26467,0.0
20.27333,0.0
20.28133,0.0
20.28967,0.0
20.29833,0.0
20.30633,0.0
20.31467,0.0
20.323,0.0
20.33133,0.0
20.33933,0.0
20.34733,0.0
20.35533,0.0
20.364,0.0
20.37233,0.0
20.38033,0.0
20.38833,0.0
20.39667,0.0
20.405,0.0
20.413,0.0
20.421,0.0
20.429,0.0
20.437,0.0
20.445,0.0
20.45333,0.0
20.46133,0.0
20.46933,0.0
20.478,0.0
20.486,0.0
20.49433,0.0
20.50233,0.0
20.51033,0.0
20.51833,0.0
20.52667,0.0
20.53433,0.0
20.543,0.0
20.55133,0.0
20.55967,0.0
20.568,0.0
20.57633,0.0
20.58433,0.0
20.59233,0.0
20.60067,0.0
20.609,0.0
20.617,0.0
20.625,0.0
20.633,0.0
20.64133,0.0
20.649,0.0
20.65667,0.0
20.66467,0.0
20.67267,0.0
20.68067,0.0
20.68867,0.0
20.69667,0.0
20.70533,0.0
20.71333,0.0
20.72133,0.0
20.72933,0.0
20.73767,0.0
20.74533,0.0
20.75333,0.0
20.76133,0.0
20.76933,0.0
20.77733,0.0
20.786,0.0
20.79433,0.0
20.80233,0.0
20.81,0.0
20.81767,0.0
20.82567,0.0
20.83367,0.0
20.842,0.0
20.85033,0.0
20.85833,0.0
20.86633,0.0
20.874,0.0
20.88167,0.0
20.89033,0.0
20.89833,0.0
20.90633,0.0
20.91433,0.0
20.92267,0.0
20.93067,0.0
20.93867,0.0
20.947,0.0
20.95467,0.0
20.96333,0.0
20.97133,0.0
20.98,0.0
20.988,0.0
20.996,0.0
21.004,0.0
21.01233,0.0
21.02033,0.0
21.02833,0.0
21.036,0.0
21.04433,0.0
21.05267,0.0
21.06033,0.0
21.06833,0.0
21.07667,0.0
21.08533,0.0
21.09333,0.0
21.10133,0.0
21.10933,0.0
21.11733,0.0
21.12533,0.0
21.13333,0.0
21.14133,0.0
21.14933,0.0
21.15767,0.0
21.16567,0.0
21.17333,0.0
21.181,0.0
21.18867,0.0
21.19667,0.0
21.204,0.0
21.212,0.0
21.21967,0.0
21.22767,0.0
21.23567,0.0
21.244,0.0
21.25233,0.0
21.26033,0.0
21.26867,0.0
21.277,0.0
21.285,0.0
21.29267,0.0
21.30067,0.0
21.30867,0.0
21.31633,0.0
21.324,0.0
21.332,0.0
21.34,0.0
21.34767,0.0
21.35567,0.0
21.364,0.0
21.372,0.0
21.38033,0.0
21.38833,0.0
21.39667,0.0
21.40433,0.0
21.41267,0.0
21.421,0.0
21.429,0.0
21.43733,0.0
21.44533,0.0
21.45333,0.0
21.46133,0.0
21.46967,0.0
21.47733,0.0
21.48567,0.0
21.49333,0.0
21.50167,0.0
21.50933,0.0
21.51733,0.0
21.52567,0.0
21.53433,0.0
21.54233,0.0
21.55033,0.0
21.558,0.0
21.566,0.0
21.57367,0.0
21.582,0.0
21.59,0.0
21.598,0.0
21.60567,0.0
21.61367,0.0
21.622,0.0
21.63,0.0
21.63833,0.0
21.64667,0.0
21.65433,0.0
21.66267,0.0
21.67067,0.0
21.67833,0.0
21.68667,0.0
21.695,0.0
21.70333,0.0
21.71133,0.0
21.71933,0.0
21.72733,0.0
21.73567,0.0
21.744,0.0
